datahora;assunto;link;texto_complementar
2026-04-19-06-10-44;Em Tudo, Deus Tem um Propósito 🙏🏽 #shorts #feed #viralvideo #filmes #cenas #film #edit #youtube;https://youtube.com/shorts/MepJ0uQx3nA?si=P3F_Na9AaIzWOfyB;
2026-04-19-05-56-31;Como a ciência da aprendizagem pode te ajudar a aprender mais?;https://youtube.com/shorts/LObe19rCzYQ?si=H10zM9BJ-j16-Ld7;aula
2026-04-19-05-56-55;One More Night In Nashville;https://youtu.be/lqhYh7-htN8?si=IaOSZUyfNc6R_xxS;
2026-04-19-05-57-22;É ASSIM QUE O CRIADOR DO WHATSAPP FOI DO BOLSA FAMÍLIA PARA US$ 19 BILHÕES 🤯;https://youtube.com/shorts/cxOGoplX1kg?si=XSaanoh6ywse9ZHX;
2026-04-19-06-33-45;Principal limitação da IA pode ter sido superada | Pena;https://youtu.be/iPkSS-znyEM?si=xNbpX5dQK7J02Im-;
2026-04-19-06-34-09;Uma multa de US 40 criou um império de US 402 bilhões.;https://youtube.com/shorts/12MA5s3idDA?si=OmEC2svX2d-fA48j;
2026-04-19-06-34-35;Medo do rastro digital faz usuários abandonarem redes sociais;https://youtu.be/JgxewUUaisg?si=WPLzzA88jbfYhytU;
2026-04-19-06-34-59;A FÁBRICA DE MÉDICOS QUE ESTÁ QUEBRANDO A MEDICINA NO BRASIL;https://youtu.be/CoO8r8SBWUo?si=2_6xEEsKD8BIEo5B;
2026-04-19-06-35-16;É assim que a Inteligência Artificial pode destruir a humanidade?;https://youtu.be/oTptR7O0KNI?si=Wv-6ecWM5UwjXGND;
